text,category_id,life_stage
なぜ自己分析をするのか、その目的は？,1,introduction
現在の自分の「人生の軸」は？,1,introduction
自分の夢と向き合うことで、何を得たいのか？,1,introduction
将来の夢は？,1,幼少期
理想の職業は？,1,幼少期
理想の人は？,1,幼少期
理想の食生活は？,1,幼少期
理想の住まいは？,1,幼少期
理想の年収は？,1,幼少期
理想のパートナーは？,1,幼少期
あなたの信念は何か？,1,幼少期
将来の夢は？,1,小学校
理想の職業は？,1,小学校
理想の人は？,1,小学校
理想の食生活は？,1,小学校
理想の住まいは？,1,小学校
理想の年収は？,1,小学校
理想のパートナーは？,1,小学校
あなたの信念は何か？,1,小学校
将来の夢は？,1,中学校
理想の職業は？,1,中学校
理想の人は？,1,中学校
理想の食生活は？,1,中学校
理想の住まいは？,1,中学校
理想の年収は？,1,中学校
理想のパートナーは？,1,中学校
あなたの信念は何か？,1,中学校
将来の夢は？,1,高校
理想の職業は？,1,高校
理想の人は？,1,高校
理想の食生活は？,1,高校
理想の住まいは？,1,高校
理想の年収は？,1,高校
理想のパートナーは？,1,高校
あなたの信念は何か？,1,高校
将来の夢は？,1,大学
理想の職業は？,1,大学
理想の人は？,1,大学
理想の食生活は？,1,大学
理想の住まいは？,1,大学
理想の年収は？,1,大学
理想のパートナーは？,1,大学
あなたの信念は何か？,1,大学
将来の夢は？,1,社会人（20代）
理想の職業は？,1,社会人（20代）
理想の人は？,1,社会人（20代）
理想の食生活は？,1,社会人（20代）
理想の住まいは？,1,社会人（20代）
理想の年収は？,1,社会人（20代）
理想のパートナーは？,1,社会人（20代）
あなたの信念は何か？,1,社会人（20代）
30代になったときどんな仕事をしたいか？,1,未来
30代になったときの地位は？,1,未来
30代になったら、世の中にどんな影響を与えている？,1,未来
30代の年収は？,1,未来
何に優先的にお金を使いたいか？,1,未来
30代になったらどこに住みたいか？,1,未来
30代のライフスタイルは？,1,未来
30代で新たにチャレンジしたいことは何か？,1,未来
30代は、周りからはどのような役割を期待されているか？,1,未来
40代になったときどんな仕事をしたいか？,1,未来
40代になったときの地位は？,1,未来
40代になったら、世の中にどんな影響を与えている？,1,未来
40代の年収は？,1,未来
何に優先的にお金を使いたいか？,1,未来
40代になったらどこに住みたいか？,1,未来
40代のライフスタイルは？,1,未来
40代で新たにチャレンジしたいことは何か？,1,未来
40代は、周りからはどのような役割を期待されているか？,1,未来
50代になったときどんな仕事をしたいか？,1,未来
50代になったときの地位は？,1,未来
50代になったら、世の中にどんな影響を与えている？,1,未来
50代の年収は？,1,未来
何に優先的にお金を使いたいか？,1,未来
50代になったらどこに住みたいか？,1,未来
50代のライフスタイルは？,1,未来
50代で新たにチャレンジしたいことは何か？,1,未来
50代は、周りからはどのような役割を期待されているか？,1,未来
何歳まで働いていたいか？,1,未来
そのとき、どんな地位でいたいか？,1,未来
そのとき、世の中にどんな影響を与えているのか？,1,未来
そのとき、資産はどのくらいあるのか？,1,未来
何に優先的にお金を使いたいか？,1,未来
そのとき、どこに住んでいるのか？,1,未来
そのときのライフスタイルは？,1,未来
新たにチャレンジしたいことは何か？,1,未来
周りからはどのような役割を期待されているか？,1,未来
死ぬまでに実現したいことは？（家族・親戚に関すること）,1,未来
死ぬまでに実現したいことは？（友人・知人に関すること）,1,未来
死ぬまでに実現したいことは？（勉強・仕事に関すること）,1,未来
死ぬまでに実現したいことは？（趣味に関すること）,1,未来
死の瞬間をどう迎えたいか？,1,未来
将来の夢は？,1,現在
理想の職業は？,1,現在
理想の人は？,1,現在
理想の食生活は？,1,現在
理想の住まいは？,1,現在
理想の年収は？,1,現在
理想のパートナーは？,1,現在
あなたの信念は何か？,1,現在
前回の100問に答えたことで、得たものは何か？,2,introduction
自分の性格と向き合うことで、何を得たいのか？,2,introduction
自分の性格を一言で表すと？,2,幼少期
座右の銘は？,2,幼少期
自分の好きだったところは？,2,幼少期
自分の嫌いだったところは？,2,幼少期
自分の尊敬できたところは？,2,幼少期
自分の自慢できたところは？,2,幼少期
コンプレックスだったことは？,2,幼少期
一番大事にしていたものは？,2,幼少期
一番疎かにしていたものは？,2,幼少期
空気を読むタイプだったか？読まないタイプだったか？,2,幼少期
他人のアドバイスを聞くタイプだったか？,2,幼少期
物事に対する捉え方はポジティブだったか？ネガティブだったか？,2,幼少期
決断時、どのような判断基準を持っていたか？,2,幼少期
運は強いほうだったか？,2,幼少期
自分の性格を一言で表すと？,2,小学校
座右の銘は？,2,小学校
自分の好きだったところは？,2,小学校
自分の嫌いだったところは？,2,小学校
自分の尊敬できたところは？,2,小学校
自分の自慢できたところは？,2,小学校
コンプレックスだったことは？,2,小学校
一番大事にしていたものは？,2,小学校
一番疎かにしていたものは？,2,小学校
空気を読むタイプだったか？読まないタイプだったか？,2,小学校
他人のアドバイスを聞くタイプだったか？,2,小学校
物事に対する捉え方はポジティブだったか？ネガティブだったか？,2,小学校
決断時、どのような判断基準を持っていたか？,2,小学校
運は強いほうだったか？,2,小学校
自分の性格を一言で表すと？,2,中学校
座右の銘は？,2,中学校
自分の好きだったところは？,2,中学校
自分の嫌いだったところは？,2,中学校
自分の尊敬できたところは？,2,中学校
自分の自慢できたところは？,2,中学校
コンプレックスだったことは？,2,中学校
一番大事にしていたものは？,2,中学校
一番疎かにしていたものは？,2,中学校
空気を読むタイプだったか？読まないタイプだったか？,2,中学校
他人のアドバイスを聞くタイプだったか？,2,中学校
物事に対する捉え方はポジティブだったか？ネガティブだったか？,2,中学校
決断時、どのような判断基準を持っていたか？,2,中学校
運は強いほうだったか？,2,中学校
自分の性格を一言で表すと？,2,高校
座右の銘は？,2,高校
自分の好きだったところは？,2,高校
自分の嫌いだったところは？,2,高校
自分の尊敬できたところは？,2,高校
自分の自慢できたところは？,2,高校
コンプレックスだったことは？,2,高校
一番大事にしていたものは？,2,高校
一番疎かにしていたものは？,2,高校
空気を読むタイプだったか？読まないタイプだったか？,2,高校
他人のアドバイスを聞くタイプだったか？,2,高校
物事に対する捉え方はポジティブだったか？ネガティブだったか？,2,高校
決断時、どのような判断基準を持っていたか？,2,高校
運は強いほうだったか？,2,高校
自分の性格を一言で表すと？,2,大学
座右の銘は？,2,大学
自分の好きだったところは？,2,大学
自分の嫌いだったところは？,2,大学
自分の尊敬できたところは？,2,大学
自分の自慢できたところは？,2,大学
コンプレックスだったことは？,2,大学
一番大事にしていたものは？,2,大学
一番疎かにしていたものは？,2,大学
空気を読むタイプだったか？読まないタイプだったか？,2,大学
他人のアドバイスを聞くタイプだったか？,2,大学
物事に対する捉え方はポジティブだったか？ネガティブだったか？,2,大学
決断時、どのような判断基準を持っていたか？,2,大学
運は強いほうだったか？,2,大学
自分の性格を一言で表すと？,2,社会人（20代）
座右の銘は？,2,社会人（20代）
自分の好きだったところは？,2,社会人（20代）
自分の嫌いだったところは？,2,社会人（20代）
自分の尊敬できたところは？,2,社会人（20代）
自分の自慢できたところは？,2,社会人（20代）
コンプレックスだったことは？,2,社会人（20代）
一番大事にしていたものは？,2,社会人（20代）
一番疎かにしていたものは？,2,社会人（20代）
空気を読むタイプだったか？読まないタイプだったか？,2,社会人（20代）
他人のアドバイスを聞くタイプだったか？,2,社会人（20代）
物事に対する捉え方はポジティブだったか？ネガティブだったか？,2,社会人（20代）
決断時、どのような判断基準を持っていたか？,2,社会人（20代）
運は強いほうだったか？,2,社会人（20代）
自分の性格を一言で表すと？,2,現在
座右の銘は？,2,現在
自分の好きなところは？,2,現在
自分の嫌いなところは？,2,現在
自分の尊敬できるところは？,2,現在
自分の自慢できるところは？,2,現在
コンプレックスは？,2,現在
一番大事にしているものは？,2,現在
一番疎かにしているものは？,2,現在
空気を読むタイプか？読まないタイプか？,2,現在
他人のアドバイスを聞くタイプか？,2,現在
物事に対する捉え方はポジティブか？ネガティブか？,2,現在
決断時、どのような判断基準を持っているか？,2,現在
運は強いほうか？,2,現在
前回の100問に答えたことで、得たものは何か？,3,introduction
自分の性格をより深く知ることで、自分をどう変えたいか？,3,introduction
自分の性格を一言で表すと？,3,幼少期
自分の長所はどこか？,3,幼少期
自分の短所はどこか？,3,幼少期
父親と母親、どちらに似ていた？,3,幼少期
自分の強みだったと感じるところは？,3,幼少期
自分の弱みだったと感じるところは？,3,幼少期
性格は外交的だったか？内向的だったか？,3,幼少期
コミュニケーションは得意だったか？苦手だったか？,3,幼少期
初対面の人でも、気軽に打ち解けられたか？,3,幼少期
一人でいるのが好きだったか？複数人といるのが好きだったか？,3,幼少期
人の良い点を見つけることが多かったか？悪い点を見つけることが多かったか？,3,幼少期
一番仲の良かった友人の好きなところは？,3,幼少期
無人島に一つだけ持っていくとしたら何を選んだ？,3,幼少期
無人島に一人だけ連れていくとしたら誰を選んだ？,3,幼少期
自分の性格を一言で表すと？,3,小学校
自分の長所はどこか？,3,小学校
自分の短所はどこか？,3,小学校
父親と母親、どちらに似ていた？,3,小学校
自分の強みだったと感じるところは？,3,小学校
自分の弱みだったと感じるところは？,3,小学校
性格は外交的だったか？内向的だったか？,3,小学校
コミュニケーションは得意だったか？苦手だったか？,3,小学校
初対面の人でも、気軽に打ち解けられたか？,3,小学校
一人でいるのが好きだったか？複数人といるのが好きだったか？,3,小学校
人の良い点を見つけることが多かったか？悪い点を見つけることが多かったか？,3,小学校
一番仲の良かった友人の好きなところは？,3,小学校
無人島に一つだけ持っていくとしたら何を選んだ？,3,小学校
無人島に一人だけ連れていくとしたら誰を選んだ？,3,小学校
自分の性格を一言で表すと？,3,中学校
自分の長所はどこか？,3,中学校
自分の短所はどこか？,3,中学校
父親と母親、どちらに似ていた？,3,中学校
自分の強みだったと感じるところは？,3,中学校
自分の弱みだったと感じるところは？,3,中学校
性格は外交的だったか？内向的だったか？,3,中学校
コミュニケーションは得意だったか？苦手だったか？,3,中学校
初対面の人でも、気軽に打ち解けられたか？,3,中学校
一人でいるのが好きだったか？複数人といるのが好きだったか？,3,中学校
人の良い点を見つけることが多かったか？悪い点を見つけることが多かったか？,3,中学校
一番仲の良かった友人の好きなところは？,3,中学校
無人島に一つだけ持っていくとしたら何を選んだ？,3,中学校
無人島に一人だけ連れていくとしたら誰を選んだ？,3,中学校
自分の性格を一言で表すと？,3,高校
自分の長所はどこか？,3,高校
自分の短所はどこか？,3,高校
父親と母親、どちらに似ていた？,3,高校
自分の強みだったと感じるところは？,3,高校
自分の弱みだったと感じるところは？,3,高校
性格は外交的だったか？内向的だったか？,3,高校
コミュニケーションは得意だったか？苦手だったか？,3,高校
初対面の人でも、気軽に打ち解けられたか？,3,高校
一人でいるのが好きだったか？複数人といるのが好きだったか？,3,高校
人の良い点を見つけることが多かったか？悪い点を見つけることが多かったか？,3,高校
一番仲の良かった友人の好きなところは？,3,高校
無人島に一つだけ持っていくとしたら何を選んだ？,3,高校
無人島に一人だけ連れていくとしたら誰を選んだ？,3,高校
自分の性格を一言で表すと？,3,大学
自分の長所はどこか？,3,大学
自分の短所はどこか？,3,大学
父親と母親、どちらに似ていた？,3,大学
自分の強みだったと感じるところは？,3,大学
自分の弱みだったと感じるところは？,3,大学
性格は外交的だったか？内向的だったか？,3,大学
コミュニケーションは得意だったか？苦手だったか？,3,大学
初対面の人でも、気軽に打ち解けられたか？,3,大学
一人でいるのが好きだったか？複数人といるのが好きだったか？,3,大学
人の良い点を見つけることが多かったか？悪い点を見つけることが多かったか？,3,大学
一番仲の良かった友人の好きなところは？,3,大学
無人島に一つだけ持っていくとしたら何を選んだ？,3,大学
無人島に一人だけ連れていくとしたら誰を選んだ？,3,大学
自分の性格を一言で表すと？,3,社会人（20代）
自分の長所はどこか？,3,社会人（20代）
自分の短所はどこか？,3,社会人（20代）
父親と母親、どちらに似ていた？,3,社会人（20代）
自分の強みだったと感じるところは？,3,社会人（20代）
自分の弱みだったと感じるところは？,3,社会人（20代）
性格は外交的だったか？内向的だったか？,3,社会人（20代）
コミュニケーションは得意だったか？苦手だったか？,3,社会人（20代）
初対面の人でも、気軽に打ち解けられたか？,3,社会人（20代）
一人でいるのが好きだったか？複数人といるのが好きだったか？,3,社会人（20代）
人の良い点を見つけることが多かったか？悪い点を見つけることが多かったか？,3,社会人（20代）
一番仲の良かった友人の好きなところは？,3,社会人（20代）
無人島に一つだけ持っていくとしたら何を選んだ？,3,社会人（20代）
無人島に一人だけ連れていくとしたら誰を選んだ？,3,社会人（20代）
自分の性格を一言で表すと？,3,現在
自分の長所はどこか？,3,現在
自分の短所はどこか？,3,現在
父親と母親、どちらに似ている？,3,現在
自分の強みだと感じるところは？,3,現在
自分の弱みだと感じるところは？,3,現在
性格は外交的か？内向的か？,3,現在
コミュニケーションは得意か？苦手か？,3,現在
初対面の人でも、気軽に打ち解けられるか？,3,現在
一人でいるのが好きか？複数人といるのが好きか？,3,現在
人の良い点を見つけることが多いか？悪い点を見つけることが多いか？,3,現在
一番仲の良い友人の好きなところは？,3,現在
無人島に何か一つだけ持っていくとしたら？,3,現在
無人島に誰か一人だけ連れていくとしたら？,3,現在
前回の100問に答えたことで、得たものは何か？,4,introduction
自分の経験と向き合うことで、何を得たいのか？,4,introduction
一番嬉しかったことは？,4,幼少期
一番楽しかった経験は？,4,幼少期
一番幸せな出来事は？,4,幼少期
一番の成功体験は？,4,幼少期
一番誇れる経験は？,4,幼少期
一番感動した経験は？,4,幼少期
一番努力した経験は？,4,幼少期
一番影響を受けた出来事は？,4,幼少期
一番影響を受けた人は？,4,幼少期
周囲と協力して成し遂げた、一番大きなことは？,4,幼少期
生き方や考え方を刺激された経験は？,4,幼少期
一番嬉しかった言葉は？,4,幼少期
一番悲しかったことは？,4,幼少期
一番苦しかった経験は？,4,幼少期
一番嬉しかったことは？,4,小学校
一番楽しかった経験は？,4,小学校
一番幸せな出来事は？,4,小学校
一番の成功体験は？,4,小学校
一番誇れる経験は？,4,小学校
一番感動した経験は？,4,小学校
一番努力した経験は？,4,小学校
一番影響を受けた出来事は？,4,小学校
一番影響を受けた人は？,4,小学校
周囲と協力して成し遂げた、一番大きなことは？,4,小学校
生き方や考え方を刺激された経験は？,4,小学校
一番嬉しかった言葉は？,4,小学校
一番悲しかったことは？,4,小学校
一番苦しかった経験は？,4,小学校
一番嬉しかったことは？,4,中学校
一番楽しかった経験は？,4,中学校
一番幸せな出来事は？,4,中学校
一番の成功体験は？,4,中学校
一番誇れる経験は？,4,中学校
一番感動した経験は？,4,中学校
一番努力した経験は？,4,中学校
一番影響を受けた出来事は？,4,中学校
一番影響を受けた人は？,4,中学校
周囲と協力して成し遂げた、一番大きなことは？,4,中学校
生き方や考え方を刺激された経験は？,4,中学校
一番嬉しかった言葉は？,4,中学校
一番悲しかったことは？,4,中学校
一番苦しかった経験は？,4,中学校
一番嬉しかったことは？,4,高校
一番楽しかった経験は？,4,高校
一番幸せな出来事は？,4,高校
一番の成功体験は？,4,高校
一番誇れる経験は？,4,高校
一番感動した経験は？,4,高校
一番努力した経験は？,4,高校
一番影響を受けた出来事は？,4,高校
一番影響を受けた人は？,4,高校
周囲と協力して成し遂げた、一番大きなことは？,4,高校
生き方や考え方を刺激された経験は？,4,高校
一番嬉しかった言葉は？,4,高校
一番悲しかったことは？,4,高校
一番苦しかった経験は？,4,高校
一番嬉しかったことは？,4,大学
一番楽しかった経験は？,4,大学
一番幸せな出来事は？,4,大学
一番の成功体験は？,4,大学
一番誇れる経験は？,4,大学
一番感動した経験は？,4,大学
一番努力した経験は？,4,大学
一番影響を受けた出来事は？,4,大学
一番影響を受けた人は？,4,大学
周囲と協力して成し遂げた、一番大きなことは？,4,大学
生き方や考え方を刺激された経験は？,4,大学
一番嬉しかった言葉は？,4,大学
一番悲しかったことは？,4,大学
一番苦しかった経験は？,4,大学
一番嬉しかったことは？,4,社会人（20代）
一番楽しかった経験は？,4,社会人（20代）
一番幸せな出来事は？,4,社会人（20代）
一番の成功体験は？,4,社会人（20代）
一番誇れる経験は？,4,社会人（20代）
一番感動した経験は？,4,社会人（20代）
一番努力した経験は？,4,社会人（20代）
一番影響を受けた出来事は？,4,社会人（20代）
一番影響を受けた人は？,4,社会人（20代）
周囲と協力して成し遂げた、一番大きなことは？,4,社会人（20代）
生き方や考え方を刺激された経験は？,4,社会人（20代）
一番嬉しかった言葉は？,4,社会人（20代）
一番悲しかったことは？,4,社会人（20代）
一番苦しかった経験は？,4,社会人（20代）
人生で一番嬉しかったことは？,4,現在
人生で一番楽しかった経験は？,4,現在
人生で一番幸せな出来事は？,4,現在
人生で一番の成功体験は？人生で,4,現在
人生で一番誇れる経験は？,4,現在
人生で一番感動した経験は？,4,現在
人生で一番努力した経験は？,4,現在
人生で一番影響を受けた出来事は？,4,現在
人生で一番影響を受けた人は？,4,現在
周囲と協力して成し遂げた、一番大きなことは？,4,現在
生き方や考え方を刺激された経験は？,4,現在
今までかけられた中で一番嬉しかった言葉は？,4,現在
人生で一番悲しかったことは？,4,現在
人生で一番苦しかった経験は？,4,現在
前回の100問に答えたことで、得たものは何か？,5,introduction
自分の経験をより深く知ることで、自分をどう変えたいか？,5,introduction
一番裏切られたと感じた出来事は？,5,幼少期
一番の挫折体験は？,5,幼少期
一番恥ずかしい経験は？,5,幼少期
一番影響を与えた出来事は？,5,幼少期
一番影響を与えた人は？,5,幼少期
一番悲しかった言葉は？,5,幼少期
一番大きな嘘は？,5,幼少期
つかれた一番大きな嘘は？,5,幼少期
一番後悔していることは？,5,幼少期
最も自尊心が傷ついた経験は？,5,幼少期
一番怒りを覚えた出来事は？,5,幼少期
一番許せない出来事は？,5,幼少期
最も反感をかった出来事は？,5,幼少期
一番大きな秘密は？,5,幼少期
一番裏切られたと感じた出来事は？,5,小学校
一番の挫折体験は？,5,小学校
一番恥ずかしい経験は？,5,小学校
一番影響を与えた出来事は？,5,小学校
一番影響を与えた人は？,5,小学校
一番悲しかった言葉は？,5,小学校
一番大きな嘘は？,5,小学校
つかれた一番大きな嘘は？,5,小学校
一番後悔していることは？,5,小学校
最も自尊心が傷ついた経験は？,5,小学校
一番怒りを覚えた出来事は？,5,小学校
一番許せない出来事は？,5,小学校
最も反感をかった出来事は？,5,小学校
一番大きな秘密は？,5,小学校
一番裏切られたと感じた出来事は？,5,中学校
一番の挫折体験は？,5,中学校
一番恥ずかしい経験は？,5,中学校
一番影響を与えた出来事は？,5,中学校
一番影響を与えた人は？,5,中学校
一番悲しかった言葉は？,5,中学校
一番大きな嘘は？,5,中学校
つかれた一番大きな嘘は？,5,中学校
一番後悔していることは？,5,中学校
最も自尊心が傷ついた経験は？,5,中学校
一番怒りを覚えた出来事は？,5,中学校
一番許せない出来事は？,5,中学校
最も反感をかった出来事は？,5,中学校
一番大きな秘密は？,5,中学校
一番裏切られたと感じた出来事は？,5,高校
一番の挫折体験は？,5,高校
一番恥ずかしい経験は？,5,高校
一番影響を与えた出来事は？,5,高校
一番影響を与えた人は？,5,高校
一番悲しかった言葉は？,5,高校
一番大きな嘘は？,5,高校
つかれた一番大きな嘘は？,5,高校
一番後悔していることは？,5,高校
最も自尊心が傷ついた経験は？,5,高校
一番怒りを覚えた出来事は？,5,高校
一番許せない出来事は？,5,高校
最も反感をかった出来事は？,5,高校
一番大きな秘密は？,5,高校
一番裏切られたと感じた出来事は？,5,大学
一番の挫折体験は？,5,大学
一番恥ずかしい経験は？,5,大学
一番影響を与えた出来事は？,5,大学
一番影響を与えた人は？,5,大学
一番悲しかった言葉は？,5,大学
一番大きな嘘は？,5,大学
つかれた一番大きな嘘は？,5,大学
一番後悔していることは？,5,大学
最も自尊心が傷ついた経験は？,5,大学
一番怒りを覚えた出来事は？,5,大学
一番許せない出来事は？,5,大学
最も反感をかった出来事は？,5,大学
一番大きな秘密は？,5,大学
一番裏切られたと感じた出来事は？,5,社会人（20代）
一番の挫折体験は？,5,社会人（20代）
一番恥ずかしい経験は？,5,社会人（20代）
一番影響を与えた出来事は？,5,社会人（20代）
一番影響を与えた人は？,5,社会人（20代）
一番悲しかった言葉は？,5,社会人（20代）
一番大きな嘘は？,5,社会人（20代）
つかれた一番大きな嘘は？,5,社会人（20代）
一番後悔していることは？,5,社会人（20代）
最も自尊心が傷ついた経験は？,5,社会人（20代）
一番怒りを覚えた出来事は？,5,社会人（20代）
一番許せない出来事は？,5,社会人（20代）
最も反感をかった出来事は？,5,社会人（20代）
一番大きな秘密は？,5,社会人（20代）
人生で一番裏切られたと感じた出来事は？,5,現在
人生で一番の挫折体験は？,5,現在
人生で一番恥ずかしい経験は？,5,現在
人生で一番影響を与えた出来事は？,5,現在
人生で一番影響を与えた人は？,5,現在
今までかけられた中で一番悲しかった言葉は？,5,現在
今まででついた一番大きな嘘は？,5,現在
今まででつかれた一番大きな嘘は？,5,現在
人生で一番後悔していることは？,5,現在
人生で最も自尊心が傷ついた経験は？,5,現在
人生で一番怒りを覚えた出来事は？,5,現在
人生で一番許せない出来事は？,5,現在
人生で最も反感をかった出来事は？,5,現在
人生で一番大きな秘密は？,5,現在
前回の100問に答えたことで、得たものは何か？,6,introduction
自分の家族・親戚と向き合うことで、何を得たいのか？,6,introduction
父親との関係は？,6,幼少期
母親との関係は？,6,幼少期
兄弟・姉妹との関係は？,6,幼少期
祖父母との関係は？,6,幼少期
親戚との関係は？,6,幼少期
ペットを飼っていたか？どんな思い出があるか？,6,幼少期
家族の中でどのような役割だったか？,6,幼少期
親戚の中でどのような役割だったか？,6,幼少期
家族との間で、一番良い思い出は？,6,幼少期
家族との間で、一番苦い思い出は？,6,幼少期
親戚との間で、一番記憶に残っている出来事は？,6,幼少期
家族間の約束事項はあったか？,6,幼少期
家庭の教育方針は？,6,幼少期
家庭の経済状況はどうだったか？,6,幼少期
父親との関係は？,6,小学校
母親との関係は？,6,小学校
兄弟・姉妹との関係は？,6,小学校
祖父母との関係は？,6,小学校
親戚との関係は？,6,小学校
ペットを飼っていたか？どんな思い出があるか？,6,小学校
家族の中でどのような役割だったか？,6,小学校
親戚の中でどのような役割だったか？,6,小学校
家族との間で、一番良い思い出は？,6,小学校
家族との間で、一番苦い思い出は？,6,小学校
親戚との間で、一番記憶に残っている出来事は？,6,小学校
家族間の約束事項はあったか？,6,小学校
家庭の教育方針は？,6,小学校
家庭の経済状況はどうだったか？,6,小学校
父親との関係は？,6,中学校
母親との関係は？,6,中学校
兄弟・姉妹との関係は？,6,中学校
祖父母との関係は？,6,中学校
親戚との関係は？,6,中学校
ペットを飼っていたか？どんな思い出があるか？,6,中学校
家族の中でどのような役割だったか？,6,中学校
親戚の中でどのような役割だったか？,6,中学校
家族との間で、一番良い思い出は？,6,中学校
家族との間で、一番苦い思い出は？,6,中学校
親戚との間で、一番記憶に残っている出来事は？,6,中学校
家族間の約束事項はあったか？,6,中学校
家庭の教育方針は？,6,中学校
家庭の経済状況はどうだったか？,6,中学校
父親との関係は？,6,高校
母親との関係は？,6,高校
兄弟・姉妹との関係は？,6,高校
祖父母との関係は？,6,高校
親戚との関係は？,6,高校
ペットを飼っていたか？どんな思い出があるか？,6,高校
家族の中でどのような役割だったか？,6,高校
親戚の中でどのような役割だったか？,6,高校
家族との間で、一番良い思い出は？,6,高校
家族との間で、一番苦い思い出は？,6,高校
親戚との間で、一番記憶に残っている出来事は？,6,高校
家族間の約束事項はあったか？,6,高校
家庭の教育方針は？,6,高校
家庭の経済状況はどうだったか？,6,高校
父親との関係は？,6,大学
母親との関係は？,6,大学
兄弟・姉妹との関係は？,6,大学
祖父母との関係は？,6,大学
親戚との関係は？,6,大学
ペットを飼っていたか？どんな思い出があるか？,6,大学
家族の中でどのような役割だったか？,6,大学
親戚の中でどのような役割だったか？,6,大学
家族との間で、一番良い思い出は？,6,大学
家族との間で、一番苦い思い出は？,6,大学
親戚との間で、一番記憶に残っている出来事は？,6,大学
家族間の約束事項はあったか？,6,大学
家庭の教育方針は？,6,大学
家庭の経済状況はどうだったか？,6,大学
父親との関係は？,6,社会人（20代）
母親との関係は？,6,社会人（20代）
兄弟・姉妹との関係は？,6,社会人（20代）
祖父母との関係は？,6,社会人（20代）
親戚との関係は？,6,社会人（20代）
パートナーとの関係は？,6,社会人（20代）
ペットを飼っていたか？どんな思い出があるか？,6,社会人（20代）
家族の中でどのような役割だったか？,6,社会人（20代）
親戚の中でどのような役割だったか？,6,社会人（20代）
家族との間で、一番良い思い出は？,6,社会人（20代）
家族との間で、一番苦い思い出は？,6,社会人（20代）
親戚との間で、一番記憶に残っている出来事は？,6,社会人（20代）
家族間の約束事項はあったか？,6,社会人（20代）
家庭の経済状況はどうだったか？,6,社会人（20代）
父親との関係は？,6,現在
母親との関係は？,6,現在
兄弟・姉妹との関係は？,6,現在
祖父母との関係は？,6,現在
親戚との関係は？,6,現在
パートナーとの関係は？,6,現在
ペットを飼っているか？どんな思い出があるか？,6,現在
家族の中でどのような役割か？,6,現在
親戚の中でどのような役割か？,6,現在
家族との間で、今までで一番良い思い出は？,6,現在
家族との間で、今までで一番苦い思い出は？,6,現在
親戚との間で、今までで一番記憶に残っている出来事は？,6,現在
家族間の約束事項はあるか？,6,現在
家庭の経済状況はどうか？,6,現在
前回の100問に答えたことで、得たものは何か？,7,introduction
自分の友人・知人と向き合うことで、何を得たいのか？,7,introduction
どのようなタイプの人と気があったか？（同年代）,7,幼少期
どのようなタイプの人と気があったか？（年上）,7,幼少期
どのようなタイプの人と気があったか？（年下）,7,幼少期
どのようなタイプの人が苦手だったか？（同世代）,7,幼少期
どのようなタイプの人が苦手だったか？（年上）,7,幼少期
どのようなタイプの人が苦手だったか？（年下）,7,幼少期
どのようなタイプの人を尊敬していたか？（同世代）,7,幼少期
どのようなタイプの人を尊敬していたか？（年上）,7,幼少期
どのようなタイプの人を尊敬していたか？（年下）,7,幼少期
どのようなタイプの人に恋愛感情を抱いていたか？,7,幼少期
友人にどのような接し方をしていたか？,7,幼少期
年上にどのような接し方をしていたか？,7,幼少期
年下にどのような接し方をしていたか？,7,幼少期
好きな人 / 恋人にどのような接し方をしていたか？,7,幼少期
どのようなタイプの人と気があったか？（同年代）,7,小学校
どのようなタイプの人と気があったか？（年上）,7,小学校
どのようなタイプの人と気があったか？（年下）,7,小学校
どのようなタイプの人が苦手だったか？（同世代）,7,小学校
どのようなタイプの人が苦手だったか？（年上）,7,小学校
どのようなタイプの人が苦手だったか？（年下）,7,小学校
どのようなタイプの人を尊敬していたか？（同世代）,7,小学校
どのようなタイプの人を尊敬していたか？（年上）,7,小学校
どのようなタイプの人を尊敬していたか？（年下）,7,小学校
どのようなタイプの人に恋愛感情を抱いていたか？,7,小学校
友人にどのような接し方をしていたか？,7,小学校
年上にどのような接し方をしていたか？,7,小学校
年下にどのような接し方をしていたか？,7,小学校
好きな人 / 恋人にどのような接し方をしていたか？,7,小学校
どのようなタイプの人と気があったか？（同年代）,7,中学校
どのようなタイプの人と気があったか？（年上）,7,中学校
どのようなタイプの人と気があったか？（年下）,7,中学校
どのようなタイプの人が苦手だったか？（同世代）,7,中学校
どのようなタイプの人が苦手だったか？（年上）,7,中学校
どのようなタイプの人が苦手だったか？（年下）,7,中学校
どのようなタイプの人を尊敬していたか？（同世代）,7,中学校
どのようなタイプの人を尊敬していたか？（年上）,7,中学校
どのようなタイプの人を尊敬していたか？（年下）,7,中学校
どのようなタイプの人に恋愛感情を抱いていたか？,7,中学校
友人にどのような接し方をしていたか？,7,中学校
年上にどのような接し方をしていたか？,7,中学校
年下にどのような接し方をしていたか？,7,中学校
好きな人 / 恋人にどのような接し方をしていたか？,7,中学校
どのようなタイプの人と気があったか？（同年代）,7,高校
どのようなタイプの人と気があったか？（年上）,7,高校
どのようなタイプの人と気があったか？（年下）,7,高校
どのようなタイプの人が苦手だったか？（同世代）,7,高校
どのようなタイプの人が苦手だったか？（年上）,7,高校
どのようなタイプの人が苦手だったか？（年下）,7,高校
どのようなタイプの人を尊敬していたか？（同世代）,7,高校
どのようなタイプの人を尊敬していたか？（年上）,7,高校
どのようなタイプの人を尊敬していたか？（年下）,7,高校
どのようなタイプの人に恋愛感情を抱いていたか？,7,高校
友人にどのような接し方をしていたか？,7,高校
年上にどのような接し方をしていたか？,7,高校
年下にどのような接し方をしていたか？,7,高校
好きな人 / 恋人にどのような接し方をしていたか？,7,高校
どのようなタイプの人と気があったか？（同年代）,7,大学
どのようなタイプの人と気があったか？（年上）,7,大学
どのようなタイプの人と気があったか？（年下）,7,大学
どのようなタイプの人が苦手だったか？（同世代）,7,大学
どのようなタイプの人が苦手だったか？（年上）,7,大学
どのようなタイプの人が苦手だったか？（年下）,7,大学
どのようなタイプの人を尊敬していたか？（同世代）,7,大学
どのようなタイプの人を尊敬していたか？（年上）,7,大学
どのようなタイプの人を尊敬していたか？（年下）,7,大学
どのようなタイプの人に恋愛感情を抱いていたか？,7,大学
友人にどのような接し方をしていたか？,7,大学
年上にどのような接し方をしていたか？,7,大学
年下にどのような接し方をしていたか？,7,大学
好きな人 / 恋人にどのような接し方をしていたか？,7,大学
どのようなタイプの人と気があったか？（同年代）,7,社会人（20代）
どのようなタイプの人と気があったか？（年上）,7,社会人（20代）
どのようなタイプの人と気があったか？（年下）,7,社会人（20代）
どのようなタイプの人が苦手だったか？（同世代）,7,社会人（20代）
どのようなタイプの人が苦手だったか？（年上）,7,社会人（20代）
どのようなタイプの人が苦手だったか？（年下）,7,社会人（20代）
どのようなタイプの人を尊敬していたか？（同世代）,7,社会人（20代）
どのようなタイプの人を尊敬していたか？（年上）,7,社会人（20代）
どのようなタイプの人を尊敬していたか？（年下）,7,社会人（20代）
どのようなタイプの人に恋愛感情を抱いていたか？,7,社会人（20代）
友人にどのような接し方をしていたか？,7,社会人（20代）
年上にどのような接し方をしていたか？,7,社会人（20代）
年下にどのような接し方をしていたか？,7,社会人（20代）
好きな人 / 恋人にどのような接し方をしていたか？,7,社会人（20代）
どのようなタイプの人と気があうか？（同年代）,7,現在
どのようなタイプの人と気があうか？（年上）,7,現在
どのようなタイプの人と気があうか？（年下）,7,現在
どのようなタイプの人が苦手か？（同世代）,7,現在
どのようなタイプの人が苦手か？（年上）,7,現在
どのようなタイプの人が苦手か？（年下）,7,現在
どのようなタイプの人を尊敬しているか？（同世代）,7,現在
どのようなタイプの人を尊敬しているか？（年上）,7,現在
どのようなタイプの人を尊敬しているか？（年下）,7,現在
どのようなタイプの人に恋愛感情を抱くか？,7,現在
友人にどのような接し方をしているか？,7,現在
年上にどのような接し方をしているか？,7,現在
年下にどのような接し方をしているか？,7,現在
好きな人 / 恋人にどのような接し方をしているか？,7,現在
前回の100問に答えたことで、得たものは何か？,8,introduction
自分の勉強・仕事と向き合うことで、何を得たいのか？,8,introduction
どこの保育園 / 幼稚園に入園したか？選んだ理由は？,8,幼少期
好きな時間は？,8,幼少期
嫌いな時間は？,8,幼少期
お勉強や遊びにおいて、一番達成したかった目標は何か？,8,幼少期
お勉強や遊びで努力が実った経験は？,8,幼少期
お勉強や遊びで挫折した経験は？,8,幼少期
お勉強や遊びを通じて得たものは？,8,幼少期
発表会において、一番達成したかった目標は何か？,8,幼少期
発表会で努力が実った経験は？,8,幼少期
発表会で挫折した経験は？,8,幼少期
発表会を通じて得たものは？,8,幼少期
保育園 / 幼稚園で積極的に発言をしていたか？,8,幼少期
先生の話を集中して聞いていたか？,8,幼少期
休み時間は何をして遊んでいたか？,8,幼少期
どこの小学校に進学したか？選んだ理由は？,8,小学校
好きな教科は？,8,小学校
嫌いな教科は？,8,小学校
勉強において、一番達成したかった目標は何か？,8,小学校
勉強で努力が実った経験は？,8,小学校
勉強で挫折した経験は？,8,小学校
勉強を通じて得たものは？,8,小学校
部活において、一番達成したかった目標は何か？,8,小学校
部活で努力が実った経験は？,8,小学校
部活で挫折した経験は？,8,小学校
部活を通じて得たものは？,8,小学校
授業中積極的に発言をしていたか？,8,小学校
授業に集中していたか？,8,小学校
宿題にはどのような姿勢で取り組んでいたか？,8,小学校
どこの中学に進学したか？選んだ理由は？,8,中学校
好きな教科は？,8,中学校
嫌いな教科は？,8,中学校
勉強において、一番達成したかった目標は何か？,8,中学校
勉強で努力が実った経験は？,8,中学校
勉強で挫折した経験は？,8,中学校
勉強を通じて得たものは？,8,中学校
部活において、一番達成したかった目標は何か？,8,中学校
部活で努力が実った経験は？,8,中学校
部活で挫折した経験は？,8,中学校
部活を通じて得たものは？,8,中学校
授業中積極的に発言をしていたか？,8,中学校
授業に集中していたか？,8,中学校
宿題にはどのような姿勢で取り組んでいたか？,8,中学校
どこの高校に進学したか？選んだ理由は？,8,高校
好きな教科は？,8,高校
嫌いな教科は？,8,高校
勉強において、一番達成したかった目標は何か？,8,高校
勉強で努力が実った経験は？,8,高校
勉強で挫折した経験は？,8,高校
勉強を通じて得たものは？,8,高校
部活において、一番達成したかった目標は何か？,8,高校
部活で努力が実った経験は？,8,高校
部活で挫折した経験は？,8,高校
部活を通じて得たものは？,8,高校
授業中積極的に発言をしていたか？,8,高校
授業に集中していたか？,8,高校
宿題にはどのような姿勢で取り組んでいたか？,8,高校
どこの大学に進学したか？選んだ理由は？,8,大学
好きな教科は？,8,大学
嫌いな教科は？,8,大学
勉強において、一番達成したかった目標は何か？,8,大学
勉強で努力が実った経験は？,8,大学
勉強で挫折した経験は？,8,大学
勉強を通じて得たものは？,8,大学
部活・サークルにおいて、一番達成したかった目標は何か？,8,大学
部活・サークルで努力が実った経験は？,8,大学
部活・サークルで挫折した経験は？,8,大学
部活・サークルを通じて得たものは？,8,大学
授業中積極的に発言をしていたか？,8,大学
授業に集中していたか？,8,大学
課題にはどのような姿勢で取り組んでいたか？,8,大学
どこの会社に入社したか？選んだ理由は？,8,社会人（20代）
好きな業務は？,8,社会人（20代）
嫌いな業務は？,8,社会人（20代）
仕事において、一番達成したかった目標は何か？,8,社会人（20代）
仕事で努力が実った経験は？,8,社会人（20代）
仕事で挫折した経験は？,8,社会人（20代）
仕事を通じて得たものは？,8,社会人（20代）
プロジェクトにおいて、一番達成したかった目標は何か？,8,社会人（20代）
プロジェクトで努力が実った経験は？,8,社会人（20代）
プロジェクトで挫折した経験は？,8,社会人（20代）
プロジェクトを通じて得たものは？,8,社会人（20代）
会議中積極的に発言をしていたか？,8,社会人（20代）
会議に集中していたか？,8,社会人（20代）
仕事にはどのような姿勢で取り組んでいたか？,8,社会人（20代）
どんな勉強が好きか？,8,現在
どんな勉強が嫌いか？,8,現在
どんな仕事が好きか？,8,現在
どんな仕事が嫌いか？,8,現在
勉強で残した一番の成果は？,8,現在
勉強で一番悔しかったことは？,8,現在
部活で残した一番の成果は？,8,現在
部活で一番悔しかったことは？,8,現在
委員会で残した一番の成果は？,8,現在
委員会で一番悔しかったことは？,8,現在
課外活動で残した一番の成果は？,8,現在
課外活動で一番悔しかったことは？,8,現在
習い事で残した一番の成果は？,8,現在
習い事で一番悔しかったことは？,8,現在
前回の100問に答えたことで、得たものは何か？,9,introduction
自分の勉強・仕事をより深く知ることで、自分をどう変えたいか？,9,introduction
習い事において、一番達成したかった目標は何か？,9,幼少期
習い事で努力が実った経験は？,9,幼少期
習い事で挫折した経験は？,9,幼少期
習い事を通じて得たものは？,9,幼少期
保育園 / 幼稚園で一番熱中していた取り組みは？,9,幼少期
連絡帳に書かれていたコメントは？,9,幼少期
委員会において、一番達成したかった目標は何か？,9,小学校
委員会で努力が実った経験は？,9,小学校
委員会で挫折した経験は？,9,小学校
委員会を通じて得たものは？,9,小学校
課外活動において、一番達成したかった目標は何か？,9,小学校
課外活動で努力が実った経験は？,9,小学校
課外活動で挫折した経験は？,9,小学校
課外活動を通じて得たものは？,9,小学校
習い事において、一番達成したかった目標は何か？,9,小学校
習い事で努力が実った経験は？,9,小学校
習い事で挫折した経験は？,9,小学校
習い事を通じて得たものは？,9,小学校
小学校で一番熱中していた取り組みは？,9,小学校
通知表に書かれていたコメントは？,9,小学校
委員会において、一番達成したかった目標は何か？,9,中学校
委員会で努力が実った経験は？,9,中学校
委員会で挫折した経験は？,9,中学校
委員会を通じて得たものは？,9,中学校
課外活動において、一番達成したかった目標は何か？,9,中学校
課外活動で努力が実った経験は？,9,中学校
課外活動で挫折した経験は？,9,中学校
課外活動を通じて得たものは？,9,中学校
習い事において、一番達成したかった目標は何か？,9,中学校
習い事で努力が実った経験は？,9,中学校
習い事で挫折した経験は？,9,中学校
習い事を通じて得たものは？,9,中学校
中学校で一番熱中していた取り組みは？,9,中学校
通知表に書かれていたコメントは？,9,中学校
委員会において、一番達成したかった目標は何か？,9,高校
委員会で努力が実った経験は？,9,高校
委員会で挫折した経験は？,9,高校
委員会を通じて得たものは？,9,高校
課外活動において、一番達成したかった目標は何か？,9,高校
課外活動で努力が実った経験は？,9,高校
課外活動で挫折した経験は？,9,高校
課外活動を通じて得たものは？,9,高校
習い事において、一番達成したかった目標は何か？,9,高校
習い事で努力が実った経験は？,9,高校
習い事で挫折した経験は？,9,高校
習い事を通じて得たものは？,9,高校
高校で一番熱中していた取り組みは？,9,高校
通知表に書かれていたコメントは？,9,高校
アルバイトにおいて、一番達成したかった目標は何か？,9,高校
アルバイトで努力が実った経験は？,9,高校
アルバイトで挫折した経験は？,9,高校
アルバイトを通じて得たものは？,9,高校
ゼミ（研究室）において、一番達成したかった目標は何か？,9,大学
ゼミで努力が実った経験は？,9,大学
ゼミで挫折した経験は？,9,大学
ゼミを通じて得たものは？,9,大学
課外活動において、一番達成したかった目標は何か？,9,大学
課外活動で努力が実った経験は？,9,大学
課外活動で挫折した経験は？,9,大学
課外活動を通じて得たものは？,9,大学
習い事において、一番達成したかった目標は何か？,9,大学
習い事で努力が実った経験は？,9,大学
習い事で挫折した経験は？,9,大学
習い事を通じて得たものは？,9,大学
大学で一番熱中していた取り組みは？,9,大学
教授からどんなフィードバックをもらうことが多いか？,9,大学
アルバイトにおいて、一番達成したかった目標は何か？,9,大学
アルバイトで努力が実った経験は？,9,大学
アルバイトで挫折した経験は？,9,大学
アルバイトを通じて得たものは？,9,大学
副業 / 複業において、一番達成したかった目標は何か？,9,社会人（20代）
副業 / 複業で努力が実った経験は？,9,社会人（20代）
副業 / 複業で挫折した経験は？,9,社会人（20代）
副業 / 複業を通じて得たものは？,9,社会人（20代）
社外活動において、一番達成したかった目標は何か？,9,社会人（20代）
社外活動で努力が実った経験は？,9,社会人（20代）
社外活動で挫折した経験は？,9,社会人（20代）
社外活動を通じて得たものは？,9,社会人（20代）
習い事において、一番達成したかった目標は何か？,9,社会人（20代）
習い事で努力が実った経験は？,9,社会人（20代）
習い事で挫折した経験は？,9,社会人（20代）
習い事を通じて得たものは？,9,社会人（20代）
会社で一番熱中していた取り組みは？,9,社会人（20代）
上司からどんなフィードバックをもらうことが多いか？,9,社会人（20代）
勉強で一番嬉しかったことは？,9,現在
勉強で一番つらかったことは？,9,現在
仕事で一番嬉しかったことは？,9,現在
仕事で一番つらかったことは？,9,現在
会社の仕事で残した一番の成果は？,9,現在
会社の仕事で一番悔しかったことは？,9,現在
アルバイトで残した一番の成果は？,9,現在
アルバイトで一番悔しかったことは？,9,現在
副業で残した一番の成果は？,9,現在
副業で一番悔しかったことは？,9,現在
今一番勉強したいことは？,9,現在
今までで一番深く勉強した分野は？,9,現在
今一番やりたい仕事は？,9,現在
今までで一番こなした業務は？,9,現在
前回の100問に答えたことで、得たものは何か？,10,introduction
自分の趣味・嗜好と向き合うことで、何を得たいのか？,10,introduction
好きだった食べ物 / 飲み物は？,10,幼少期
好きだった時間の過ごし方は？,10,幼少期
好きだった場所は？,10,幼少期
好きだったゲームは？,10,幼少期
好きだった漫画は？,10,幼少期
好きだった色は？,10,幼少期
好きだったアート作品は？,10,幼少期
好きだった本は？,10,幼少期
好きだった舞台・映画は？,10,幼少期
好きだったテレビ番組は？,10,幼少期
好きだった音楽は？,10,幼少期
好きだったブランド・メーカーは？,10,幼少期
好きだった国・地域は？,10,幼少期
好きだった食べ物 / 飲み物は？,10,小学校
好きだった時間の過ごし方は？,10,小学校
好きだった場所は？,10,小学校
好きだったゲームは？,10,小学校
好きだった漫画は？,10,小学校
好きだった色は？,10,小学校
好きだったアート作品は？,10,小学校
好きだった本は？,10,小学校
好きだった舞台・映画は？,10,小学校
好きだったテレビ番組は？,10,小学校
好きだった音楽は？,10,小学校
好きだったブランド・メーカーは？,10,小学校
好きだった国・地域は？,10,小学校
好きだった食べ物 / 飲み物は？,10,中学校
好きだった時間の過ごし方は？,10,中学校
好きだった場所は？,10,中学校
好きだったゲームは？,10,中学校
好きだった漫画は？,10,中学校
好きだった色は？,10,中学校
好きだったアート作品は？,10,中学校
好きだった本は？,10,中学校
好きだった舞台・映画は？,10,中学校
好きだったテレビ番組は？,10,中学校
好きだった音楽は？,10,中学校
好きだったブランド・メーカーは？,10,中学校
好きだった国・地域は？,10,中学校
好きだった食べ物 / 飲み物は？,10,高校
好きだった時間の過ごし方は？,10,高校
好きだった場所は？,10,高校
好きだったゲームは？,10,高校
好きだった漫画は？,10,高校
好きだった色は？,10,高校
好きだったアート作品は？,10,高校
好きだった本は？,10,高校
好きだった舞台・映画は？,10,高校
好きだったテレビ番組は？,10,高校
好きだった音楽は？,10,高校
好きだったブランド・メーカーは？,10,高校
好きだった国・地域は？,10,高校
好きだった食べ物 / 飲み物は？,10,大学
好きだった時間の過ごし方は？,10,大学
好きだった場所は？,10,大学
好きだったゲームは？,10,大学
好きだった漫画は？,10,大学
好きだった色は？,10,大学
好きだったアート作品は？,10,大学
好きだった本は？,10,大学
好きだった舞台・映画は？,10,大学
好きだったテレビ番組は？,10,大学
好きだった音楽は？,10,大学
好きだったブランド・メーカーは？,10,大学
好きだった国・地域は？,10,大学
好きだった食べ物 / 飲み物は？,10,社会人（20代）
好きだった時間の過ごし方は？,10,社会人（20代）
好きだった場所は？,10,社会人（20代）
好きだったゲームは？,10,社会人（20代）
好きだった漫画は？,10,社会人（20代）
好きだった色は？,10,社会人（20代）
好きだったアート作品は？,10,社会人（20代）
好きだった本は？,10,社会人（20代）
好きだった舞台・映画は？,10,社会人（20代）
好きだったテレビ番組は？,10,社会人（20代）
好きだった音楽は？,10,社会人（20代）
好きだったブランド・メーカーは？,10,社会人（20代）
好きだった国・地域は？,10,社会人（20代）
好きな食べ物 / 飲み物は？,10,現在
好きな時間の過ごし方は？,10,現在
好きな場所は？,10,現在
好きなゲームは？,10,現在
好きな漫画は？,10,現在
好きな色は？,10,現在
好きなアート作品は？,10,現在
好きな本は？,10,現在
好きな舞台・映画は？,10,現在
好きなテレビ番組は？,10,現在
好きな音楽は？,10,現在
好きなブランド・メーカーは？,10,現在
好きな国・地域は？,10,現在
1000問に答えたことで、何を得たのか？,10,conclusion
今後この自己分析をどのように活かしていきたいか？,10,conclusion
途中、答えるペースが落ちた時にどのように自分を鼓舞したか？,10,conclusion
これから1000問を答える人に、どのような言葉をかけたいか？,10,conclusion
もう一度1000問に挑戦したいか？,10,conclusion
自己分析をして自分の目的は果たせたか？,10,conclusion
自己分析をして見つけた「人生の軸」は？,10,conclusion
